"Dispersal syndrome","Dispersal unit dry mass","Dispersal unit length","Dispersal unit thickness","Dispersal unit width","Germination efficiency","Germination requirement","Leaf area","Leaf carbon (C) content per area","Leaf carbon (C) content per dry mass","Leaf carbon/nitrogen (C/N) ratio","Leaf density","Leaf dry mass","Leaf dry mass per plant","Leaf dry mass per plant dry mass (leaf weight ratio, LWR)","Leaf dry matter content (LDMC)","Leaf fresh mass","Leaf lamina thickness","Leaf lifespan","Leaf nitrogen (N) content","Leaf nitrogen (N) content per area","Leaf nitrogen (N) content per dry mass","Leaf nitrogen/phosphorus (N/P) ratio","Leaf phosphorus (P) content per area","Leaf phosphorus (P) content per dry mass","Leaf physical strength","Leaf porosity","Leaf potassium (K) content per area","Leaf potassium (K) content per dry mass","Leaf respiration per dry mass","Leaf specific area (SLA)","Leaf texture (sclerophylly)","Leaf thickness","Leaf type","Metamorphoses and morphological adaptations: seed or dispersal unit","Mycorrhizal type","Nitrogen fixation capacity","Phenology: reproductive","Phenology: vegetative","Photosynthesis leaf intercellular CO2 concentration","Photosynthesis net assimilytion rate (NAR)","Photosynthesis per leaf area","Photosynthesis per leaf dry mass","Plant age of maturity (first flowering)","Plant growth form","Plant height generative","Plant height vegetative","Plant lifespan","Plant relative growth rate (RGR)","Plant tolerance to drought","Plant tolerance to frost","Plant tolerance to human impact","Plant tolerance to planting density","Plant tolerance to precipitation","Plant tolerance to shade","Plant tolerance to soil pH","Plant tolerance to waterlogging","Reproductive dry mass per plant","Root nitrogen (N) content per dry mass","Rooting depth","Seed length","Seed mass","Seed number per ramet","Seed number per reproducton unit","Seed protein content per mass","Seed thickness","Seed width","Seedbank lifespan","Species distribution: number of floristic zones","Stem dry mass per plant","Stem length (height)","Stem nitrogen (N) content per dry mass","Stem specific density (SSD)","Stomata conductance per leaf area","Wood dry mass per plant dry mass","Woodiness"
"Alliaria.petiolata",NA,NA,NA,NA,NA,NA,NA,5640.99,NA,NA,11.48,NA,213.94,NA,NA,161.3333333,NA,0.15,NA,NA,NA,21.03,8.8,NA,2750.595,2.22,NA,NA,NA,NA,41.94666667,NA,NA,NA,NA,NA,NA,5,NA,NA,NA,NA,NA,NA,NA,0.7,0.37,NA,NA,NA,NA,3,NA,NA,NA,NA,NA,NA,NA,NA,3.28,2.4675,NA,47031.91667,NA,1.08,1.1,NA,3,NA,NA,NA,0.38,NA,NA,NA
"Arctium.lappa",NA,12.13,19.58,1.53,17.55,NA,NA,26087.22444,NA,NA,NA,NA,1564.205333,NA,NA,194.3322222,NA,NA,NA,NA,NA,NA,NA,NA,NA,NA,NA,NA,NA,NA,17.33111111,NA,NA,NA,NA,NA,NA,7.5,NA,NA,NA,NA,NA,NA,NA,1.0775,1.073333333,NA,NA,NA,NA,2,NA,NA,NA,NA,NA,NA,NA,NA,NA,11.979,NA,14196.66714,16.8,NA,NA,NA,3,NA,NA,NA,NA,NA,NA,NA
"Artemisia.vulgaris",NA,0.13,1.46,0.35,0.44,NA,NA,2355.522,NA,424.17,NA,NA,132.955,NA,NA,250.6842857,NA,0.15,NA,0.49,0.81,23.48,NA,NA,NA,1.265,NA,NA,NA,NA,46.13692308,NA,NA,NA,NA,NA,NA,65.5,NA,306,NA,6.766666667,NA,NA,NA,365.13,328.6216667,NA,0.07,NA,NA,3,NA,NA,NA,NA,NA,NA,NA,NA,NA,0.157857143,NA,271682.6667,NA,NA,NA,NA,4,NA,NA,NA,NA,416,NA,NA
"Barbarea.vulgaris",NA,NA,NA,NA,NA,NA,NA,4750.5,NA,NA,NA,NA,150.325,NA,NA,174,NA,NA,NA,NA,NA,NA,NA,NA,NA,NA,NA,NA,NA,NA,26.65,NA,NA,NA,NA,NA,NA,64,NA,NA,NA,NA,NA,NA,NA,0.6,14.145,NA,NA,NA,NA,3,NA,NA,NA,NA,NA,NA,NA,NA,1.56,0.599,NA,59202.2925,15.6,0.7,1.25,NA,4,NA,NA,NA,NA,NA,NA,NA
"Berberis.thunbergii",NA,NA,NA,NA,NA,NA,NA,NA,NA,NA,NA,NA,NA,NA,NA,NA,NA,NA,NA,NA,NA,NA,NA,NA,NA,NA,NA,NA,NA,NA,NA,NA,NA,NA,NA,NA,NA,5,NA,NA,NA,NA,NA,NA,NA,NA,4.666666667,NA,NA,3.5,76,2,525,45,1.5,6.35,1.5,NA,NA,18,NA,4520.9,NA,NA,NA,NA,NA,NA,2,NA,NA,NA,NA,NA,NA,NA
"Brassica.nigra",NA,NA,NA,NA,NA,NA,NA,7031.153333,NA,NA,NA,NA,261.0466667,NA,NA,128.92,NA,NA,NA,NA,NA,NA,NA,NA,NA,NA,NA,NA,NA,NA,26.26,NA,NA,NA,NA,NA,NA,54,NA,NA,NA,NA,NA,NA,NA,11.01,54.02571429,NA,NA,NA,NA,2,NA,NA,NA,NA,NA,NA,NA,NA,1.36,1.291904762,NA,3593.3,32.63333333,1.16,1.21,NA,3,NA,NA,NA,NA,NA,NA,NA
"Centaurea.jacea",NA,2,3,1,1.45,NA,NA,8.793333333,NA,459.93375,15.21,NA,0.426832298,NA,0.65,18.51823529,0.200566038,NA,NA,NA,NA,22.31,NA,NA,1.435,NA,NA,NA,NA,NA,23.07365079,NA,NA,NA,NA,NA,NA,175.1,NA,NA,0,NA,NA,NA,NA,15.97153846,56.03022599,NA,0.21,NA,NA,2,NA,NA,NA,NA,NA,NA,1.13,NA,NA,1.441333333,NA,3253.66087,NA,NA,NA,NA,3,NA,NA,0.5,0.27,NA,NA,NA
"Centaurea.nigrescens",NA,1.47,3.06,0.86,1.5,NA,NA,NA,NA,NA,NA,NA,NA,NA,NA,NA,NA,NA,NA,NA,NA,NA,NA,NA,NA,NA,NA,NA,NA,NA,NA,NA,NA,NA,NA,NA,NA,8,NA,NA,NA,NA,NA,NA,NA,0.65,0.6,NA,NA,NA,NA,3,NA,NA,NA,NA,NA,NA,NA,NA,NA,2.61,NA,NA,NA,NA,NA,NA,2,NA,NA,NA,NA,NA,NA,NA
"Centaurea.stoebe",NA,1.34,4.206666667,0.9,1.22,NA,NA,469.6322222,NA,NA,NA,NA,28.23888889,NA,NA,165.4733333,NA,NA,NA,NA,NA,NA,NA,NA,NA,NA,NA,NA,NA,NA,22.26222222,NA,NA,NA,NA,NA,NA,8,NA,NA,NA,NA,NA,NA,NA,NA,NA,NA,NA,NA,NA,3,NA,NA,NA,NA,NA,NA,NA,NA,NA,NA,NA,NA,NA,NA,NA,NA,2,NA,NA,NA,NA,NA,NA,NA
"Chelidonium.majus",NA,NA,NA,NA,NA,NA,NA,9226,NA,NA,NA,NA,240.15,NA,NA,186.5,NA,NA,NA,NA,NA,NA,NA,NA,NA,NA,NA,NA,NA,NA,43.41555556,NA,NA,NA,NA,NA,NA,7,NA,NA,NA,NA,NA,NA,NA,0.566666667,0.466666667,NA,NA,NA,NA,2,NA,NA,NA,NA,NA,NA,NA,NA,1.36,0.739375,NA,41752.92933,NA,0.88,0.81,NA,4,NA,NA,NA,NA,NA,NA,NA
"Commelina.communis",NA,NA,NA,NA,NA,NA,NA,NA,NA,NA,NA,NA,NA,NA,NA,NA,NA,NA,NA,NA,NA,11.88,12.63,NA,855.855,NA,NA,NA,NA,NA,NA,NA,NA,NA,NA,NA,NA,NA,NA,NA,NA,NA,NA,NA,NA,NA,NA,NA,NA,NA,NA,NA,NA,NA,NA,NA,NA,NA,NA,NA,NA,8.48,NA,NA,NA,NA,NA,NA,NA,NA,NA,NA,NA,NA,NA,NA
"Dactylis.glomerata",NA,0.87,4.95,0.896666667,1.13,NA,NA,126.350597,42.2,340.28,17.45,0.414285714,5.305396825,11.39,0.521428571,106.8011392,0.248163265,0.146666667,0.836666667,0.235,1.273333333,14.55021277,10.262,NA,343.20375,82.167,NA,NA,NA,NA,52.17337838,NA,0.11,NA,NA,NA,NA,134.3062963,NA,186.75,0.242857143,8.49,64.895,1,NA,266.5557143,89.9859633,NA,0.1925,NA,43.5,2,NA,48.5,NA,6.25,NA,1.49,1.015714286,6.185,NA,4800.855169,NA,92513.26667,27.15,NA,NA,NA,4,6.92,NA,1,0.495,108.625,NA,NA
"Daucus.carota",NA,1.09,3.46,1.1,2.703333333,NA,NA,11.17058824,NA,256.506,22.52666667,NA,0.862264151,0.36,5.52,37.06779661,0.256938776,NA,2.73,0.05,1.78,13.23538462,NA,NA,2.538,NA,NA,NA,10.784,NA,28.13317647,NA,NA,NA,NA,NA,NA,145.93,NA,NA,3.17,15.53,275.76,NA,NA,13.62272727,44.70802817,NA,0.27,NA,NA,3,NA,NA,NA,NA,NA,1.428333333,NA,NA,NA,1.108076923,NA,33886.57143,24.08666667,NA,NA,NA,4,3.278333333,NA,NA,0.13,NA,65.144,NA
"Dianthus.armeria",NA,NA,NA,NA,NA,NA,NA,232.6333333,NA,NA,NA,NA,13.75666667,NA,NA,189.1066667,NA,NA,NA,NA,NA,NA,NA,NA,NA,NA,NA,NA,NA,NA,15.348,NA,NA,NA,NA,NA,NA,7,NA,NA,NA,NA,NA,NA,NA,0.45,0.376666667,NA,NA,NA,NA,2,NA,NA,NA,NA,NA,NA,NA,NA,1.3,0.501818182,NA,846.8,NA,0.34,0.81,NA,2,NA,NA,NA,NA,NA,NA,NA
"Digitaria.sanguinalis",NA,0.97,2.656666667,0.61,0.98,NA,NA,294.0333333,NA,NA,NA,NA,8.62,NA,NA,171.2566667,NA,NA,NA,NA,NA,1.26,NA,NA,NA,NA,NA,NA,NA,NA,46.908,NA,NA,NA,NA,NA,NA,8.5,NA,NA,NA,NA,NA,NA,NA,0.38,0.19,NA,NA,NA,NA,2,NA,NA,NA,NA,NA,NA,NA,NA,NA,0.518,NA,90411.66667,NA,NA,NA,NA,3,NA,NA,NA,NA,NA,NA,NA
"Elymus.repens",NA,NA,NA,NA,NA,NA,NA,1679.43,NA,43.90666667,14.04428571,NA,82.64583333,NA,0.44,273.33,NA,NA,NA,0.75,1.01,6.63625,NA,NA,0.974285714,NA,22.66666667,NA,NA,NA,3085.376486,NA,NA,NA,NA,NA,NA,NA,NA,NA,0,NA,NA,NA,NA,1.35,0.91,NA,0.21,NA,23.5,NA,31280,44.5,NA,6.5,NA,NA,NA,14,NA,11002.438,NA,2118.05,NA,NA,NA,NA,NA,NA,NA,NA,0.344285714,NA,NA,NA
"Epipactis.helleborine",NA,NA,NA,NA,NA,NA,NA,2089.146364,NA,NA,NA,NA,82.75,NA,NA,183.723,NA,NA,NA,NA,NA,NA,NA,NA,NA,NA,NA,NA,NA,NA,74.57533333,NA,0.12,NA,NA,NA,NA,7,NA,NA,NA,NA,NA,NA,NA,0.5,NA,NA,NA,NA,NA,2,NA,NA,NA,NA,NA,NA,NA,NA,0.97,0,NA,6849473.175,NA,NA,0.27,NA,4,NA,NA,NA,NA,NA,NA,NA
"Euonymus.alatus",NA,NA,NA,NA,NA,NA,NA,NA,NA,NA,NA,NA,NA,NA,NA,NA,NA,NA,NA,NA,NA,NA,NA,NA,0.35,NA,NA,NA,8.5,NA,62,NA,NA,NA,NA,NA,NA,NA,NA,NA,NA,NA,NA,NA,NA,NA,NA,NA,NA,2,NA,NA,NA,NA,4.33,NA,2,NA,NA,NA,NA,17.28833333,NA,NA,20.5,NA,NA,NA,NA,NA,NA,NA,NA,NA,NA,NA
"Galium.mollugo",NA,0.53,1.22,1,1.13,NA,NA,3.367837838,NA,472.0525,14.59,NA,0.110619469,NA,NA,16.71940678,0.031775701,NA,NA,0.06,0.6,25.22833333,NA,NA,2.598,NA,NA,NA,NA,NA,34.49169231,NA,NA,NA,NA,NA,NA,87.2,NA,NA,NA,NA,NA,NA,NA,30.91666667,32.06601695,NA,NA,NA,NA,3,NA,NA,NA,NA,NA,NA,NA,NA,NA,0.67,NA,53083.1,NA,NA,NA,NA,2,NA,NA,NA,0.34,NA,NA,NA
"Glechoma.hederacea",NA,0.69,NA,NA,NA,NA,NA,356.11,NA,42.81,15.6275,NA,15.85,NA,0.53,160,NA,NA,NA,0.3,1.14,7.46125,8.326363636,NA,2619.708667,NA,14,NA,NA,NA,2495.267143,NA,NA,NA,NA,NA,NA,53.33333333,NA,219,0,6.1,NA,NA,NA,0.2,29.44470588,NA,0.23,NA,NA,3,NA,NA,NA,NA,NA,NA,1.52,NA,NA,0.638571429,NA,46341,NA,NA,NA,NA,4,NA,NA,1.58,0.15,113.8571429,NA,NA
"Hemerocallis.fulva",NA,NA,NA,NA,NA,NA,NA,NA,NA,NA,NA,NA,NA,NA,NA,NA,NA,NA,NA,NA,NA,NA,NA,NA,NA,NA,NA,NA,NA,NA,NA,NA,NA,NA,NA,NA,NA,7.5,NA,NA,NA,NA,NA,NA,NA,1.05,0.53,NA,NA,NA,NA,3,NA,NA,NA,NA,NA,NA,NA,NA,NA,27.9,NA,NA,NA,NA,NA,NA,1,NA,NA,NA,NA,NA,NA,NA
"Hypericum.perforatum",NA,NA,NA,NA,NA,NA,NA,38.07,NA,497,NA,NA,2.465,1.526,21.85666667,198.2716667,0.035714286,0.185,NA,NA,NA,22.3,NA,NA,NA,2.6175,NA,NA,NA,NA,77.0872093,NA,0.08,NA,NA,NA,NA,140.2857143,NA,NA,0,NA,NA,NA,NA,0.59,40.284,NA,0.21,NA,NA,5,NA,NA,NA,NA,NA,1.57,NA,NA,1.16,0.139756098,NA,163298.8588,19.4,0.37,0.42,NA,4,3.538,NA,NA,NA,NA,50.672,NA
"Leonurus.cardiaca",NA,1.08,2.39,0.84,1.2,NA,NA,NA,NA,NA,NA,NA,NA,NA,NA,NA,NA,NA,NA,NA,NA,NA,NA,NA,NA,NA,NA,NA,NA,NA,NA,NA,NA,NA,NA,NA,NA,7.5,NA,NA,NA,NA,NA,NA,NA,0.65,0.65,NA,NA,NA,NA,2,NA,NA,NA,NA,NA,NA,NA,NA,NA,0.961111111,NA,69732,17,NA,NA,NA,3,NA,NA,NA,NA,NA,NA,NA
"Leucanthemum.vulgare",NA,0.38,2.45,NA,0.83,NA,NA,403.42,NA,459.2925,NA,NA,22.54857143,NA,0.71,134.5354545,NA,NA,NA,0.33,0.93,15.544,NA,NA,1.41,NA,NA,NA,NA,NA,38.015,NA,NA,NA,NA,NA,NA,137.7,NA,NA,0,NA,NA,NA,NA,16.975,26.62888889,NA,0.22,NA,51,2,NA,40,NA,6.1,NA,NA,NA,8,NA,8000.3804,NA,1773.192,NA,NA,NA,NA,3,NA,NA,NA,NA,NA,NA,NA
"Linaria.vulgaris",NA,NA,NA,NA,NA,NA,NA,26.77888889,NA,46.156,27.154,NA,1.02,1.118,25.622,68.94772727,0.110714286,NA,NA,NA,NA,4.026666667,15.32,NA,730.73,NA,NA,NA,NA,NA,57.92230769,NA,NA,NA,NA,NA,NA,8,NA,NA,NA,NA,NA,NA,NA,0.526666667,44.375,NA,NA,NA,NA,4,NA,NA,NA,NA,NA,1.094,NA,NA,1.633333333,0.160454545,NA,74545.22333,NA,0.35,1.353333333,NA,4,2.146,NA,NA,NA,NA,49.186,NA
"Lithospermum.officinale",NA,NA,3.13,2,2,NA,NA,957.5,NA,NA,NA,NA,42.65,NA,NA,213.5,NA,NA,NA,NA,NA,NA,NA,NA,NA,NA,NA,NA,NA,NA,21.85,NA,NA,NA,NA,NA,NA,6,NA,NA,NA,NA,NA,NA,NA,0.65,0.5,NA,NA,NA,NA,2,NA,NA,NA,NA,NA,NA,NA,NA,NA,12.32428571,NA,1,NA,NA,NA,NA,3,NA,NA,NA,NA,NA,NA,NA
"Lonicera.japonica",NA,NA,NA,NA,NA,NA,NA,NA,NA,NA,NA,NA,NA,NA,NA,NA,NA,NA,NA,NA,NA,NA,NA,NA,NA,NA,NA,NA,NA,NA,120.24,NA,NA,NA,NA,NA,NA,NA,NA,NA,NA,NA,NA,NA,NA,NA,1,NA,NA,NA,58.5,NA,7900,42,NA,6.35,NA,NA,NA,10,NA,14001.44,NA,NA,21,NA,NA,NA,NA,NA,NA,NA,NA,NA,NA,NA
"Lonicera.morrowii",NA,NA,NA,NA,NA,NA,NA,NA,NA,NA,NA,NA,NA,NA,NA,NA,NA,NA,NA,NA,NA,NA,NA,NA,NA,NA,NA,NA,NA,NA,NA,NA,NA,NA,NA,NA,NA,NA,NA,NA,NA,NA,NA,NA,NA,NA,NA,NA,NA,NA,NA,NA,NA,NA,NA,NA,NA,NA,NA,NA,NA,2.98,NA,NA,NA,NA,NA,NA,NA,NA,NA,NA,NA,NA,NA,NA
"Lotus.corniculatus",NA,NA,NA,NA,NA,NA,NA,7.665454545,NA,482.7911111,14.09857143,NA,0.179625,1.016,18.38,39.2196875,0.047662338,0.205,0.41,NA,1.48,25.59409091,15.365,NA,236.4623529,1.2225,NA,NA,NA,NA,35.45587786,NA,NA,NA,NA,NA,NA,126.0833333,NA,211.875,0,5.975,NA,NA,NA,5.342222222,33.14206349,NA,0.1075,NA,28.5,3,NA,46.5,NA,6.35,NA,1.192,2.12,14,1.48,5521.230896,NA,9324.727273,36.18,1.05,1.22,NA,4,2.992,NA,2.29,0.311428571,92.375,57.146,NA
"Lysimachia.nummularia",NA,NA,NA,NA,NA,NA,NA,273.288,NA,NA,NA,NA,9.35,NA,NA,223.0642857,NA,NA,NA,NA,NA,1.71,6.68,NA,2560,NA,NA,NA,NA,NA,30.86333333,NA,NA,NA,NA,NA,NA,6,NA,NA,NA,NA,NA,NA,NA,0.3,0.45,NA,NA,NA,NA,3,NA,NA,NA,NA,NA,NA,NA,NA,1.25,0.28,NA,8156.67,NA,0.65,1.25,NA,2,NA,NA,NA,NA,NA,NA,NA
"Lythrum.salicaria",NA,NA,NA,NA,NA,NA,NA,260.4545833,NA,43.862,21.78125,0.559,10.40809524,4.492,27.33857143,44.40857143,0.488,0.37,NA,NA,83.27,7.37,NA,NA,1.5,0.525,NA,NA,NA,NA,128.9616129,NA,0.15,NA,NA,NA,NA,8,NA,352,0,8.21,99.3,NA,NA,0.85,40.785625,NA,0.2275,NA,NA,2,NA,NA,NA,NA,NA,0.61,NA,NA,1.03,0.35952381,NA,297033.595,16.3,0.29,0.4,NA,6,6.096,NA,NA,0.29,150,56.324,NA
"Malus.pumila",NA,NA,NA,NA,NA,NA,NA,NA,NA,NA,NA,NA,NA,NA,NA,NA,NA,NA,NA,NA,NA,17.37,NA,NA,NA,NA,NA,NA,NA,NA,NA,NA,NA,NA,NA,NA,NA,NA,NA,NA,NA,NA,NA,NA,NA,NA,10,NA,NA,3.13,NA,NA,NA,NA,2.17,NA,1.52,NA,NA,NA,NA,22.4,NA,NA,NA,NA,NA,NA,NA,NA,NA,NA,320.325,NA,NA,NA
"Melilotus.officinalis",NA,1.5,3.69,1.5,2.25,NA,NA,607,NA,NA,NA,NA,46.89,NA,NA,237.6666667,NA,NA,NA,NA,NA,19.14,22.31,NA,780.78,NA,NA,NA,NA,NA,19.375,NA,NA,NA,NA,NA,NA,7.5,NA,NA,NA,NA,NA,NA,NA,0.475,2.383333333,NA,NA,NA,36,2,NA,41.5,NA,6.5,NA,NA,NA,16,2.19,8343.458065,NA,27705.66571,37.93333333,0.98,1.42,NA,4,NA,NA,NA,NA,NA,NA,NA
"Myosotis.scorpioides",NA,0.31,1.6,0.5,1.08,NA,NA,1420.933333,NA,NA,NA,NA,13.88833333,NA,NA,144.3511111,NA,0.18,NA,NA,NA,NA,NA,NA,NA,0.875,NA,NA,NA,NA,44.1365,NA,NA,NA,NA,NA,NA,7,NA,NA,NA,NA,NA,NA,NA,0.3,0.585,NA,NA,NA,48.5,3,7900,39.5,NA,6.5,NA,NA,NA,8,NA,32143.12,NA,20527.56,NA,NA,NA,NA,3,NA,NA,NA,NA,NA,NA,NA
"Phleum.pratense",NA,1,2.226,0.88,0.956,NA,NA,40.84573171,54.2,210.6223077,28.2,0.403333333,1.556375,0.24,5.436875,82.70505376,0.111176471,NA,2.04,0.2,1.013333333,9.634642857,7.2075,NA,1667.8,NA,NA,NA,NA,NA,71.20378378,NA,77.55125,NA,NA,NA,NA,137.375,NA,NA,0,5.78,139.014,NA,NA,NA,51.51411765,NA,0.2,NA,26,2,NA,47.5,NA,6.4,NA,0.082,0.99,10,NA,36350.39,NA,23258.15,20.65,NA,NA,NA,4,1.09,NA,NA,0.42,NA,77.828,NA
"Plantago.lanceolata",NA,NA,NA,NA,NA,NA,NA,275.6309524,NA,402.8266667,20.8,NA,32.91173913,NA,0.616153846,113.3410345,0.285,0.273333333,1.166,1.52,1.316,12.87025641,9.32,NA,101.5768182,1.593333333,NA,NA,NA,24.13692308,51.06269231,NA,346.75,NA,NA,NA,NA,120.1428571,NA,251.4636364,2.911538462,12.2975,320.4385714,NA,NA,16.69333333,20.19819444,NA,0.168947368,NA,NA,3,NA,NA,NA,NA,NA,NA,4.415,NA,2.84,1.492333333,NA,10922.7625,17.46666667,0.75,1.39,NA,4,NA,NA,2.3925,0.176666667,231.75,NA,NA
"Plantago.major",NA,NA,NA,NA,NA,NA,NA,2250.62,NA,35.12375,21.616,NA,63.75714286,1.68,12.2825,52.5096875,4.531666667,0.28,NA,NA,63.82,20.63181818,16.27,NA,0.19,1.18,NA,NA,NA,25.49692308,73.34719101,NA,221.042,NA,NA,NA,NA,113.25,NA,273.5275,1.996666667,11.8555,260.7757143,NA,NA,0.176666667,10.3973913,NA,0.18,NA,23.5,2,14500,38,NA,6.05,NA,1.306,2.3375,4,1.5,84074.87074,NA,81747.7225,19.1,0.41,0.81,NA,4,0.726,NA,2.3,NA,117.8770588,19.952,NA
"Polygonum.cuspidatum",NA,NA,NA,NA,NA,NA,NA,NA,NA,NA,NA,NA,NA,NA,NA,NA,NA,NA,NA,NA,NA,NA,NA,NA,NA,NA,NA,NA,10.29333333,NA,144.36,0.2,NA,NA,NA,NA,NA,NA,NA,NA,NA,NA,NA,NA,NA,NA,NA,NA,NA,NA,NA,NA,NA,NA,NA,NA,NA,NA,NA,NA,NA,1.88,NA,NA,NA,NA,NA,NA,NA,NA,NA,NA,NA,NA,NA,NA
"Polygonum.hydropiper",NA,NA,NA,NA,NA,NA,NA,544.3375,NA,45.322,19.888,NA,10.4,2.436,14.804,96.11909091,0.28,NA,NA,NA,NA,2.352,NA,NA,NA,NA,NA,NA,NA,NA,199.1263636,NA,NA,NA,NA,NA,NA,NA,NA,NA,NA,NA,NA,NA,NA,0.476666667,79.425,NA,NA,NA,86,NA,NA,42,NA,6.25,NA,1.646,NA,6,NA,11460.365,NA,13362.38,NA,NA,NA,NA,NA,12.264,NA,NA,NA,NA,75.886,NA
"Polygonum.persicaria",NA,NA,NA,NA,NA,NA,NA,538.3722222,NA,44.298,37.688,NA,25.57888889,0.524,40.842,81.568,0.398,0.21,NA,NA,NA,1.222,NA,NA,NA,0.94,NA,NA,NA,NA,68.86478261,NA,0.17,NA,NA,NA,NA,NA,NA,NA,NA,NA,NA,NA,NA,0.483333333,32.01071429,NA,NA,NA,71,NA,NA,37,NA,6.25,NA,0.308,NA,14,NA,15987.84125,NA,2854,NA,NA,NA,NA,NA,0.486,NA,NA,NA,NA,36.254,NA
"Potentilla.recta",NA,0.26,1.31,0.57,0.95,NA,NA,1301.876818,NA,NA,NA,NA,81.37409091,NA,NA,207.0170833,0.22125,NA,NA,NA,NA,NA,NA,NA,NA,NA,NA,NA,NA,NA,16.40916667,NA,NA,NA,NA,NA,NA,6.5,NA,NA,NA,NA,NA,NA,NA,0.43,19.92727273,NA,NA,NA,NA,3,NA,NA,NA,NA,NA,NA,NA,NA,NA,0.252222222,NA,54337.75,17.5,NA,NA,NA,2,NA,NA,NA,NA,NA,NA,NA
"Rhamnus.cathartica",NA,15.09,6.085,5.1,5.165,NA,NA,568.902973,22,43,21.6,NA,47.894,NA,0.43,3.148709677,NA,0.2,6.8,6.575,1.924,15.693,15.91,0.1,511.8,2.09,NA,0.56,7.136666667,NA,46.76952381,NA,130.92,NA,NA,NA,NA,5.5,NA,118.8825,0,10.84666667,45.08333333,NA,NA,NA,6.033333333,NA,0.076,3.46,NA,2,NA,NA,1.93,NA,2.25,NA,NA,NA,NA,23.954,NA,NA,NA,NA,NA,NA,3,18.27,51.5,NA,237.0533333,440,NA,NA
"Rosa.multiflora",NA,NA,NA,NA,NA,NA,NA,5598.666667,NA,NA,NA,NA,288.7933333,NA,NA,280.17,NA,NA,NA,NA,NA,NA,NA,NA,NA,NA,NA,NA,NA,NA,38.11,0.03,NA,NA,NA,NA,NA,6.5,NA,NA,NA,NA,NA,NA,NA,1.5,1.5,NA,NA,NA,NA,2,NA,NA,NA,NA,NA,NA,NA,NA,NA,7.796,NA,7,NA,NA,NA,NA,2,NA,NA,NA,NA,NA,NA,NA
"Rubus.phoenicolasius",NA,NA,NA,NA,NA,NA,NA,NA,NA,NA,NA,NA,NA,NA,NA,NA,NA,NA,NA,NA,NA,NA,NA,NA,NA,NA,NA,NA,NA,NA,NA,NA,NA,NA,NA,NA,NA,NA,NA,NA,NA,NA,NA,NA,NA,NA,2,NA,NA,2.5,NA,NA,NA,NA,1.83,NA,1,NA,NA,NA,NA,NA,NA,NA,NA,NA,NA,NA,NA,NA,NA,NA,NA,NA,NA,NA
"Rumex.crispus",NA,2.433333333,3.59,3.19,3.293333333,NA,NA,6290,NA,43.98,13.88,NA,239.7,NA,0.675,105,NA,NA,NA,NA,NA,2.976666667,11.5,NA,0.353333333,NA,11,NA,NA,NA,2569.289412,NA,NA,NA,NA,NA,NA,7,NA,NA,0,NA,NA,NA,NA,24.35,0.546,NA,0.26,NA,NA,3,NA,NA,NA,NA,NA,NA,0.38,NA,NA,1.6768,NA,17801.28933,15.1,NA,NA,NA,4,NA,NA,0.76,0.35,NA,NA,NA
"Rumex.obtusifolius",NA,1.25,2.29,1.27,1.4,NA,NA,21959.21625,NA,285.545,NA,NA,924.2216667,NA,0.6,146.6166667,NA,0.26,NA,18.08,1.34,13.87714286,NA,NA,4.14,29.41333333,NA,NA,NA,NA,48.77483871,0.315,NA,NA,NA,NA,NA,88.2,NA,258.875,0,5.9875,NA,NA,NA,0.825,24.4875,NA,0.16,NA,NA,2,NA,NA,NA,NA,NA,NA,1.07,NA,NA,1.5085,NA,17415.28154,12.7,NA,NA,NA,3,NA,NA,1.33,NA,213.375,NA,NA
"Salix.alba",NA,NA,NA,NA,NA,NA,NA,475.33,NA,44.33,15.87,NA,60.4,NA,NA,297.635,NA,NA,NA,NA,NA,2.56,NA,NA,0.25,NA,8,NA,NA,NA,1068.273333,NA,NA,NA,NA,NA,NA,4.5,NA,NA,NA,NA,NA,NA,NA,18,24.66363636,162.5,NA,2,33.5,3,300,55,1.99,6.15,4.1,NA,NA,24,0.9,0.12,NA,49581.33333,NA,0.25,0.25,NA,3,NA,NA,NA,119.41,NA,NA,NA
"Salix.pentandra",NA,NA,NA,NA,NA,NA,NA,620.966,NA,466.34,NA,NA,55.602,NA,NA,250.1766667,NA,NA,NA,NA,NA,29.06,NA,NA,1.68,NA,NA,NA,NA,NA,39.94,NA,NA,NA,NA,NA,NA,5.5,NA,NA,NA,NA,NA,NA,NA,8,16.75,NA,NA,0.53,41,2,225,37.5,1.93,7,3.95,NA,NA,12,1.73,2250000.135,NA,56840.4,NA,0.4,0.4,NA,3,NA,NA,NA,NA,NA,NA,NA
"Saponaria.officinalis",NA,NA,NA,NA,NA,NA,NA,2165.5,NA,NA,NA,NA,108.265,NA,NA,199.5,NA,NA,NA,NA,NA,NA,NA,NA,NA,NA,NA,NA,NA,NA,23.35,NA,NA,NA,NA,NA,NA,7.5,NA,NA,NA,NA,NA,NA,NA,0.583333333,0.895,NA,NA,NA,56,4,3750,38.5,NA,6,NA,NA,NA,10,1.92,9616.916923,NA,29080.55,16.6,0.65,1.58,NA,2,NA,NA,NA,NA,NA,NA,NA
"Securigera.varia",NA,4.78,6,2,2,NA,NA,NA,NA,NA,NA,NA,NA,NA,NA,NA,NA,NA,NA,NA,NA,NA,NA,NA,NA,NA,NA,NA,NA,NA,NA,NA,NA,NA,NA,NA,NA,7,NA,NA,NA,NA,NA,NA,NA,NA,NA,NA,NA,NA,NA,2,NA,NA,NA,NA,NA,NA,NA,NA,3.71,3.306666667,NA,NA,33.225,1.1,1.42,NA,3,NA,NA,NA,NA,NA,NA,NA
"Silene.vulgaris",NA,NA,NA,NA,NA,NA,NA,1179.5,NA,NA,NA,NA,63.76,NA,NA,166,NA,NA,NA,NA,NA,2.64,11.73,NA,0.23,NA,NA,NA,NA,NA,20.48181818,NA,NA,NA,NA,NA,NA,7,NA,NA,NA,NA,NA,NA,NA,0.483333333,0.27,NA,NA,NA,NA,2,NA,NA,NA,NA,NA,NA,NA,NA,1.42,1.3124,NA,2066.02125,18.1,0.87,1.22,NA,4,NA,NA,NA,NA,NA,NA,NA
"Solanum.dulcamara",NA,NA,10,NA,10,NA,NA,1414.892542,NA,45.07,11.36,0.14,65.95444444,NA,0.5,38.85953846,NA,0.13,NA,1.44,1.02,18.868,11.14,0.08,581.3706667,1.535,14,0.6,17.43,NA,748.933,0.1,89.64666667,NA,0,NA,NA,5.875,4,NA,0,NA,NA,NA,1,1.15,31.578,NA,0.23,NA,NA,5,NA,NA,NA,NA,NA,NA,NA,NA,2.13,33.59578947,2,18705.82333,NA,0.4,2.08,NA,4,57.98,119.06,NA,0.19,NA,NA,1.5
"Sonchus.oleraceus",NA,0.356666667,4.073333333,0.25,0.91,NA,NA,7607.666667,NA,NA,NA,NA,341.135,NA,0.8,118.5,NA,0.22,NA,NA,NA,19.195,10.09,NA,1731.73,0.465,NA,NA,NA,NA,71.00789474,NA,NA,NA,NA,NA,NA,8,NA,NA,0,NA,NA,NA,NA,0.783333333,20.826,NA,0.21,NA,NA,2,NA,NA,NA,NA,NA,NA,NA,0.31,NA,0.3075,NA,40193.6,18.8,NA,NA,NA,4,NA,NA,NA,NA,NA,NA,NA
"Tanacetum.vulgare",NA,0.11,1.9,NA,0.78,NA,NA,1991.315455,NA,46.817,25.26571429,NA,142.0788889,2.066,28.76285714,88.547,2.642,NA,NA,5.315,1.275,2.235384615,NA,NA,0.38,NA,25,NA,NA,NA,813.9280645,NA,NA,NA,NA,NA,NA,8,NA,NA,0,NA,NA,NA,NA,0.733333333,86.77823529,NA,0.02,NA,NA,2,NA,NA,NA,NA,NA,0.49,NA,NA,NA,0.169259259,NA,273721.4767,28.9,NA,NA,NA,4,2.686,NA,NA,0.42,NA,50.468,NA
"Trifolium.aureum",NA,NA,5.666666667,NA,NA,NA,NA,410.8233333,NA,NA,NA,NA,12.18166667,NA,NA,234.8261538,NA,NA,NA,NA,NA,NA,NA,NA,NA,NA,NA,NA,NA,NA,37.06307692,NA,NA,NA,NA,NA,NA,84.33333333,NA,NA,NA,NA,NA,NA,NA,0.3525,4.868,NA,NA,NA,NA,3,NA,NA,NA,NA,NA,NA,NA,NA,1.18,0.335,NA,82470.82667,NA,0.68,0.92,NA,2,NA,NA,NA,NA,NA,NA,NA
"Trifolium.pratense",NA,NA,3.75,NA,1.65,NA,NA,74.21464286,NA,360.4633333,11.35571429,0.469,14.14709677,1.09,12.49125,146.8051111,0.49,0.14,NA,1.635,1.6,24.915625,14.09,NA,131.1276471,2.105,NA,NA,NA,NA,81.04977528,NA,0.14,NA,NA,NA,NA,143.3157895,NA,189.125,0,5.025,NA,NA,NA,17.31083333,35.8957377,NA,0.125,NA,48,2,NA,48.5,NA,6.75,NA,0.892,2.11,12,1.94,5555.840612,NA,216.452381,37.15,0.97,1.4,NA,4,3.33,NA,1.68,0.23,65.25,61.538,NA
"Trifolium.repens",NA,NA,4.38,NA,1.35,NA,NA,35.30244898,68.66666667,396.84,10.672,NA,1.636603774,0.636,27.81166667,94.87068966,0.1025,0.16,2.01,0.41,1.6,30.9675,NA,NA,2.026153846,4.392857143,NA,NA,NA,NA,50.88778846,NA,NA,NA,NA,NA,NA,130.9047619,NA,215.375,0,11.51611111,456.174,NA,NA,53.11083333,30.93214286,NA,0.106666667,NA,55.5,3,NA,47,NA,6.75,NA,0.4,2.17,12,1.17,13379.84448,NA,17445.98966,35.075,0.73,1.02,NA,7,0.902,NA,2.91,0.19,139.5,47.554,NA
"Tussilago.farfara",NA,0.22,12.06,0.29,0.45,NA,NA,14599.04143,NA,38.686,15.068,NA,826.0671429,37.622,87.278,61.88,37.6,0.37,NA,NA,NA,2.54,10.36,NA,2200,0.69,NA,NA,NA,NA,58.84214286,NA,NA,NA,NA,NA,NA,3.5,NA,NA,NA,NA,NA,NA,NA,0.163333333,42.87181818,NA,NA,NA,NA,4,NA,NA,NA,NA,NA,NA,NA,NA,NA,0.314666667,NA,6953.1,NA,NA,NA,NA,4,5.704,NA,NA,NA,NA,12.722,NA
"Verbascum.thapsus",NA,NA,NA,NA,NA,NA,NA,13033.82,NA,46.28,NA,NA,1350.0075,NA,0.58,183.1771429,NA,NA,NA,17.05,1.015,2.235,NA,0.17,0.25,NA,NA,NA,NA,NA,64.79333333,NA,NA,NA,NA,NA,NA,95,NA,NA,0,NA,NA,NA,NA,1.1,19.6875,NA,0.23,NA,NA,3,NA,NA,NA,NA,NA,NA,NA,NA,0.86,0.094347826,NA,652624.8511,NA,0.42,0.48,NA,4,NA,NA,NA,NA,NA,NA,NA
"Vinca.minor",NA,NA,NA,NA,NA,NA,NA,565,NA,NA,NA,NA,21.86,NA,NA,195,NA,NA,NA,NA,NA,NA,NA,NA,NA,NA,NA,NA,NA,NA,45.43571429,NA,NA,NA,NA,NA,NA,4.5,NA,NA,NA,NA,NA,NA,NA,0.18,0.493333333,NA,NA,NA,48.5,2,10850,45,NA,6.6,NA,NA,NA,8,NA,6.13,NA,2.5,NA,NA,NA,NA,2,NA,NA,NA,NA,NA,NA,NA
